{
    "keep": {
        "days": true,
        "amount": 14
    },
    "auditLog": "logs/.f8b16b0cde8f3537531555284ba3230448b32272-audit.json",
    "files": [
        {
            "date": 1750698251698,
            "name": "logs/http-2025-06-23.log",
            "hash": "008252a1beb337e004ad7c38c0ec1c14fc77484b2f413c0c7cd4e5e79fb56763"
        },
        {
            "date": 1750780561712,
            "name": "logs/http-2025-06-24.log",
            "hash": "b45245551091a3e4abfd9b46308b7666964dfeb3a7ca8e6b55b87b1d25c4c139"
        },
        {
            "date": 1750877953912,
            "name": "logs/http-2025-06-25.log",
            "hash": "8984d4caca3f245756723cd88d71ded805cef2343ca6ed823bc078355677ae49"
        },
        {
            "date": 1750915717761,
            "name": "logs/http-2025-06-26.log",
            "hash": "ab9a0ce71f4189ed80c67032311db359762fcc28aa4a84754f908672fa4fee6a"
        },
        {
            "date": 1751005937523,
            "name": "logs/http-2025-06-27.log",
            "hash": "39672f1654775d827c7031b61ee5b02600f864a99a01a759b3f852a59dd4ae68"
        },
        {
            "date": 1751092027971,
            "name": "logs/http-2025-06-28.log",
            "hash": "ef220433d30f225244a31b23803653ee1baf31c6e0cfa72434c1277c0766db67"
        },
        {
            "date": 1751174306027,
            "name": "logs/http-2025-06-29.log",
            "hash": "0c1b77c36bbad6e8de7885b69f10a3add7855e56c166571337d1b85a0d7760b8"
        },
        {
            "date": 1751263198019,
            "name": "logs/http-2025-06-30.log",
            "hash": "ce8f0d2d85c39e4f5e9e40b6328b4fbb564b1cab491ddbb41d7b700102c3e8ce"
        },
        {
            "date": 1751355638155,
            "name": "logs/http-2025-07-01.log",
            "hash": "b81d1832cade73c6c8403e59ea036d8eae99ee3d8baad2a21586fb8b7d5acb80"
        },
        {
            "date": 1751436376313,
            "name": "logs/http-2025-07-02.log",
            "hash": "51888bb27dadad7e346923ac6c83df79e454bcc1e1f9ea2741a264ba6574aaae"
        },
        {
            "date": 1751503835265,
            "name": "logs/http-2025-07-03.log",
            "hash": "b2c768cbc98f48a605e20b87a59ca9254b4f5755b582e4bcece783ea27282f18"
        },
        {
            "date": 1751614660492,
            "name": "logs/http-2025-07-04.log",
            "hash": "b61c568f469f964244af5dab67e1f8d3535944e7a2d9ce756b1c4c69509acc09"
        },
        {
            "date": 1751687748150,
            "name": "logs/http-2025-07-05.log",
            "hash": "20f1f478231afb71edfbda4cbea3e0d13aaf3bc9c941c9fccd5503c514ff1956"
        }
    ],
    "hashType": "sha256"
}