{
    "keep": {
        "days": true,
        "amount": 30
    },
    "auditLog": "logs/.6ef80448c50659bc3f7ff90982c19e03755df282-audit.json",
    "files": [
        {
            "date": 1750698251675,
            "name": "logs/application-2025-06-23.log",
            "hash": "8e36f464b9e5e73ff223a15d5d8ce4e14e5503c6a03f357ddc657bc4bb144f4d"
        },
        {
            "date": 1750780561660,
            "name": "logs/application-2025-06-24.log",
            "hash": "b6f3a2500410bb6516a0d50331e47641cfe479d06757d1e87116cf60f44ddf40"
        },
        {
            "date": 1750877953889,
            "name": "logs/application-2025-06-25.log",
            "hash": "f18ce4291ca16630a47e5740bd72dd63ba502a3610c360ff89ffde87932216b8"
        },
        {
            "date": 1750915717751,
            "name": "logs/application-2025-06-26.log",
            "hash": "60923465ef0744d69911f1373b21cba1a9424367c45d752f8cc2c407b0c1f79b"
        },
        {
            "date": 1751005937501,
            "name": "logs/application-2025-06-27.log",
            "hash": "68fc4e154d3350cc6392dca7f5f3ec36425d6802396b27aa5cb045d1b7dc7b41"
        },
        {
            "date": 1751092027938,
            "name": "logs/application-2025-06-28.log",
            "hash": "98baa9e32577581e576082b3d0dffc4ac723b89a86601b5d47a092fe99842ea5"
        },
        {
            "date": 1751174306004,
            "name": "logs/application-2025-06-29.log",
            "hash": "b4a3865ceaaece541d1d66373e32a4e76fb9ee91f8c91e4ae0998fd9c3195695"
        },
        {
            "date": 1751263197986,
            "name": "logs/application-2025-06-30.log",
            "hash": "909dd7cc50f436f530d510662812dcc4335d70ef0a221c1028d4baed564dc31f"
        },
        {
            "date": 1751355638130,
            "name": "logs/application-2025-07-01.log",
            "hash": "7d73e797b8474c094753af512b35e2676cf9c344a527a9dbbf2449d929175a34"
        },
        {
            "date": 1751436376290,
            "name": "logs/application-2025-07-02.log",
            "hash": "5333632dc668af124ad0b62ec488b7e1a43865149e21b514d2dc94f11b2853e0"
        },
        {
            "date": 1751503835249,
            "name": "logs/application-2025-07-03.log",
            "hash": "1dfdbd8fe8c98c966490db6dccf0b1f4981d9a15ba99f75246abb08f88fc792a"
        },
        {
            "date": 1751614660456,
            "name": "logs/application-2025-07-04.log",
            "hash": "0030a56ec85633084931dea6bf48738a0ddd324f503a001f707d4253159cebdf"
        },
        {
            "date": 1751687748132,
            "name": "logs/application-2025-07-05.log",
            "hash": "2a6afc9e65d5010e6de9c6e785a7e3242deaedbdff4156699b1750a1c2bc86db"
        }
    ],
    "hashType": "sha256"
}